MRN Number,First Name,Last Name,DOB,Phone Number,Email,Pincode,State,Years of Exp,Specialization,Education,,,,,,,
5pMPUI,Cleo,Gibson,13-03-1967,8605729963,Cleo.Gibson@email.com,949004,Tripura,8,"Psychiatrist, Dentist, ","MBBS, MS Ophthalmology, ",,,,,,,
Eh9g9x,Jack,Stinchcomb,18-10-1960,9337152559,Jack.Stinchcomb@email.com,181397,Tamil Nadu,24,"General Physician, ","MBBS, MS ENT, ",,,,,,,
efd54s,Siddhart,Basu,21-05-2000,8745869586,Siddharth.basu@gmail.com,874596,New Delhi,10,urologist,MS Urology,,,,,,,
EIXJue,Joseph,Martin,14-01-1978,7000069864,Joseph.Martin@email.com,981807,Punjab,14,"Dermatologist, ","MBBS, MD in General Surgery, ",,,,,,,
YFSqYP,Zola,Herdorn,23-03-1782,9096395547,Zolaherrndon@email.com,322941,Mizoram,18,"Gynacolagist, ","MBBS, MS Cardiothoracic",,,,,,,
O6WRyy,Robert,Reavis,07-07-1961,8088882858,Robert.Reavis@email.com,207596,Mizoram,4,"Orthopedic, ","MBBS, MD in Ophthalmology, ",,,,,,,
fjojzX,Patricia,Tolbert,23-05-1957,7540933882,Patricia.Tolbert@email.com,363009,Uttar Pradesh,25,"Urologist, ","MBBS, MS Ophthalmology, ",,,,,,,
swd345,Ronit,Sarkar,08-05-2001,9854621354,ronit.sarkar@gmail.com,541625,Uttarpradhesh,14,"Gynaecologist, ","MBBS, MS in CSE lol",,,,,,,
U0bt5F,Scott,Mejias,16-12-1990,7176127483,Scott.Mejias@email.com,839251,Himachal Pradesh,6,"Urologist, Ophthalmologist, ","MBBS, MD in Anatomy, ",,,,,,,
AJ0tQS,Ruth,Rieger,18-09-1985,1905505431,Ruth.Rieger@email.com,333452,Himachal Pradesh,12,"Sexologist, Orthopedic, ","MBBS, MD in ENT, ",,,,,,,
8f0D12,Magareth,Hakins,22-12-1963,9544448823,MargaretsHankins@email.com,132233,Madhya Pradesh,19,"General Physician, ","MBBS, MD in ENT, ",,,,,,,
nm7PhY,Douglas,Unknow,14-02-1990,9370187782,Douglas.Unknow@email.com,169200,Maharashtra,13,"Ophthalmologist, ","MBBS, MS Pediatric surgery, ",,,,,,,
2MWsTj,Charles,Williams,15-11-1987,8173898756,Charles.Williams@email.com,597009,Himachal Pradesh,4,"Orthopedic, ","MBBS, MS Cardiothoracic surgery, ",,,,,,,
ABC123,Chandru,Raghavan,01-10-2001,9741895695,chandru.satchi@gmail.com,560008,Karnataka,9,OrthhoPaedic ,"MBBS, MS Ortho ",,,,,,,
NuB55P,Patricia,Playford,16-03-1959,5286943904,Patricia.Playford@email.com,38451,Haryana,24,"Sexologist, ","MBBS, MD in Geriatrics, ",,,,,,,
FC36UW,Rodney,Villarreal,28-04-1978,4112442047,Rodney.Villarreal@email.com,822249,Assam,24,"Urologist, ","MBBS, MD in Geriatrics, ",,,,,,,
YaejBo,Jerry,Dollyhigh,12-08-1988,1990319537,Jerry.Dollyhigh@email.com,365333,Himachal Pradesh,9,"Sexologist, ","MBBS, MD in Dermatology, ",,,,,,,
12345a,Ahona,Saha,05-06-2001,8547569514,ahon.saha@gmail.com,400518,West Bengal,17,"Cardio, Dental","MS, Cardiac Surgery",,,,,,,
mV2zpm,Randy,Brady,23-06-1986,2872397090,Randy.Brady@email.com,226103,Nagaland,5,"Dentist, ","MBBS, MD in Orthopedics, ",,,,,,,
irrnpE,Matthew,Mcdowell,17-12-1981,7004220816,Matthew.Mcdowell@email.com,402892,Gujarat,7,"Paediatrician, ENT, ","MBBS, MS Obstetrics, ",,,,,,,
acd234,Ayan,Sadukhan,28-10-2001,9845244048,ayan.sadukhan@gmail.com,400078,West Bengal,4,"Dental, Coder","BDS, Something else",,,,,,,
to7Tbd,Kevin,Perego,12-08-1956,7402012087,Kevin.Perego@email.com,668051,Manipur,18,"Dentist, ","MBBS, MS Pediatric surgery, ",,,,,,,
uR5cyy,Franklin,Skousen,29-01-1977,5743281010,Franklin.Skousen@email.com,750850,Mizoram,20,"Dermatologist, ","MBBS, MS Gynecology, ",,,,,,,
hcVuZh,Fredha,Scewbert,04-05-1987,9676271077,Fredascubert@email.com,663822,Gujarat,19,"Dentist, Dermatologist","MBBS, MS Gynecology",,,,,,,
5NWY47,Carlos,Bijou,01-02-1979,6095034851,Carlos.Bijou@email.com,530033,Assam,4,"Ophthalmologist, ","MBBS, MD in Aerospace Medicine, ",,,,,,,
Nb4zYv,Charles,Huddle,30-09-1980,4792423075,Charles.Huddle@email.com,164727,Rajasthan,16,"Sexologist, ","MBBS, MD in Dermatology, ",,,,,,,
0RAZ20,Jeana,Brewer,25-09-1990,4392318706,Jeana.Brewer@email.com,77563,Meghalaya,10,"Dentist, Ophthalmologist, ","MBBS, MD in ENT, ",,,,,,,
qiCVPq,Jessie,Pruiett,14-11-1980,1215132672,Jessie.Pruiett@email.com,38200,Bihar,14,"Paediatrician, ","MBBS, MD in Orthopedics, ",,,,,,,
ARbuFK,Stephen,Gibson,30-12-1978,2878308329,Stephen.Gibson@email.com,523043,Jammu and Kashmir,7,"Gynaecologist, ","MBBS, MD in Orthopedics, ",,,,,,,
xKaeEn,Ellen,Fife,13-08-1980,5148173943,Ellen.Fife@email.com,104825,Madhya Pradesh,18,"Ophthalmologist, Dermatologist, ","MBBS, MD in General Surgery, ",,,,,,,
0EkQiR,Ashay,Tovinio,26-06-1930,2375423243,Asha.Trevino@email.com,888372,Jammu and Kashmir,18,Paidtrician ,"MBBS, MD in General Surgery, ",,,,,,,
KW4ACO,Cory,Thelen,05-09-1956,3894310543,Cory.Thelen@email.com,559876,Tamil Nadu,25,"Psychiatrist, ","MBBS, MS Urology, ",,,,,,,
dEoyl0,Shirley,Stone,27-03-1966,1352477746,Shirley.Stone@email.com,53725,Tamil Nadu,4,"General Physician, ","MBBS, MD in Obstetrics & Gynecology, ",,,,,,,
gBeHil,Janet,Milliren,09-11-1959,2480825456,Janet.Milliren@email.com,508529,Maharashtra,9,"Urologist, ","MBBS, MS Obstetrics, ",,,,,,,
Ry2Y3n,Edward,Mcnamee,28-07-1963,3453334598,Edward.Mcnamee@email.com,345514,Assam,9,"Urologist, ","MBBS, MD in Ophthalmology, ",,,,,,,
RDljLO,Mary,Bruce,17-10-1971,6416015304,Mary.Bruce@email.com,724291,Arunachal Pradesh,17,"Dermatologist, Orthopedic, ","MBBS, MD in Biochemistry, ",,,,,,,
